index,value
2014-12-27,404
2014-12-28,442
2014-12-29,469
2014-12-30,481
2014-12-31,481
2015-01-01,481
2015-01-02,481
2015-01-03,473
2015-01-04,472
2015-01-05,461
2015-01-06,452
2015-01-07,420
2015-01-08,400
2015-01-09,382
2015-01-10,392
2015-01-11,410
2015-01-12,445
2015-01-13,474
2015-01-14,852
2015-01-15,751
2015-01-16,925
2015-01-17,730
2015-01-18,718
2015-01-19,731
2015-01-20,741
2015-01-21,719
2015-01-22,687
2015-01-23,647
2015-01-24,592
2015-01-25,522
2015-01-26,460
2015-01-27,426
2015-01-28,427
2015-01-29,471
2015-01-30,543
2015-01-31,603
2015-02-01,634
2015-02-02,637
2015-02-03,608
2015-02-04,577
2015-02-05,545
2015-02-06,514
2015-02-07,481
2015-02-08,455
2015-02-09,444
2015-02-10,432
2015-02-11,452
2015-02-12,499
2015-02-13,597
2015-02-14,720
2015-02-15,975
2015-02-16,946
2015-02-17,998
2015-02-18,836
2015-02-19,767
2015-02-20,835
2015-02-21,730
2015-02-22,638
2015-02-23,848
2015-02-24,603
2015-02-25,618
2015-02-26,622
2015-02-27,607
2015-02-28,611
2015-03-01,595
2015-03-02,568
2015-03-03,835
2015-03-04,845
2015-03-05,961
2015-03-06,1042
2015-03-07,973
2015-03-08,1065
2015-03-09,963
2015-03-10,962
2015-03-11,1154
2015-03-12,1068
2015-03-13,1159
2015-03-14,1123
2015-03-15,1252
2015-03-16,1247
2015-03-17,1218
2015-03-18,1360
2015-03-19,1535
2015-03-20,1318
2015-03-21,1352
2015-03-22,1177
2015-03-23,1175
2015-03-24,1101
2015-03-25,1100
2015-03-26,1193
2015-03-27,1193
2015-03-28,1148
2015-03-29,968
2015-03-30,918
2015-03-31,934
2015-04-01,791
2015-04-02,723
2015-04-03,675
2015-04-04,642
2015-04-05,582
2015-04-06,546
2015-04-07,521
2015-04-08,527
2015-04-09,538
2015-04-10,543
2015-04-11,560
2015-04-12,560
2015-04-13,583
2015-04-14,612
2015-04-15,640
2015-04-16,644
2015-04-17,612
2015-04-18,565
2015-04-19,519
2015-04-20,479
2015-04-21,456
2015-04-22,460
2015-04-23,486
2015-04-24,503
2015-04-25,516
2015-04-26,508
2015-04-27,503
2015-04-28,474
2015-04-29,456
2015-04-30,445
2015-05-01,434
2015-05-02,422
2015-05-03,409
2015-05-04,409
2015-05-05,401
2015-05-06,391
2015-05-07,375
2015-05-08,381
2015-05-09,391
2015-05-10,394
2015-05-11,393
2015-05-12,375
2015-05-13,376
2015-05-14,362
2015-05-15,355
2015-05-16,339
2015-05-17,339
2015-05-18,353
2015-05-19,356
2015-05-20,345
2015-05-21,334
2015-05-22,325
2015-05-23,324
2015-05-24,321
2015-05-25,334
2015-05-26,342
2015-05-27,346
2015-05-28,338
2015-05-29,326
2015-05-30,317
2015-05-31,312
2015-06-01,315
2015-06-02,321
2015-06-03,319
2015-06-04,312
2015-06-05,299
2015-06-06,300
2015-06-07,305
2015-06-08,308
2015-06-09,296
2015-06-10,291
2015-06-11,280
2015-06-12,285
2015-06-13,289
2015-06-14,307
2015-06-15,307
2015-06-16,296
2015-06-17,288
2015-06-18,290
2015-06-19,290
2015-06-20,285
2015-06-21,296
2015-06-22,297
2015-06-23,295
2015-06-24,279
2015-06-25,279
2015-06-26,273
2015-06-27,278
2015-06-28,278
2015-06-29,274
2015-06-30,260
2015-07-01,256
2015-07-02,274
2015-07-03,288
2015-07-04,294
2015-07-05,278
2015-07-06,267
2015-07-07,252
2015-07-08,250
2015-07-09,246
2015-07-10,258
2015-07-11,265
2015-07-12,270
2015-07-13,258
2015-07-14,258
2015-07-15,254
2015-07-16,265
2015-07-17,262
2015-07-18,259
2015-07-19,256
2015-07-20,249
2015-07-21,261
2015-07-22,250
2015-07-23,245
2015-07-24,233
2015-07-25,232
2015-07-26,238
2015-07-27,229
2015-07-28,226
2015-07-29,222
2015-07-30,227
2015-07-31,228
2015-08-01,231
2015-08-02,243
2015-08-03,247
2015-08-04,252
2015-08-05,244
2015-08-06,241
2015-08-07,240
2015-08-08,249
2015-08-09,241
2015-08-10,238
2015-08-11,228
2015-08-12,245
2015-08-13,238
2015-08-14,244
2015-08-15,231
2015-08-16,232
2015-08-17,223
2015-08-18,232
2015-08-19,234
2015-08-20,240
2015-08-21,227
2015-08-22,232
2015-08-23,232
2015-08-24,237
2015-08-25,229
2015-08-26,225
2015-08-27,220
2015-08-28,221
2015-08-29,224
2015-08-30,224
2015-08-31,227
2015-09-01,231
2015-09-02,237
2015-09-03,241
2015-09-04,228
2015-09-05,229
2015-09-06,227
2015-09-07,226
2015-09-08,227
2015-09-09,227
2015-09-10,240
2015-09-11,245
2015-09-12,247
2015-09-13,251
2015-09-14,247
2015-09-15,244
2015-09-16,229
2015-09-17,225
2015-09-18,222
2015-09-19,229
2015-09-20,221
2015-09-21,220
2015-09-22,212
2015-09-23,212
2015-09-24,209
2015-09-25,201
2015-09-26,198
2015-09-27,200
2015-09-28,207
2015-09-29,202
2015-09-30,194
2015-10-01,201
2015-10-02,202
2015-10-03,204
2015-10-04,201
2015-10-05,208
2015-10-06,208
2015-10-07,195
2015-10-08,200
2015-10-09,211
2015-10-10,212
2015-10-11,214
2015-10-12,203
2015-10-13,205
2015-10-14,195
2015-10-15,193
2015-10-16,204
2015-10-17,211
2015-10-18,221
2015-10-19,226
2015-10-20,223
2015-10-21,223
2015-10-22,221
2015-10-23,228
2015-10-24,230
2015-10-25,232
2015-10-26,243
2015-10-27,243
2015-10-28,237
2015-10-29,234
2015-10-30,235
2015-10-31,249
2015-11-01,265
2015-11-02,287
2015-11-03,294
2015-11-04,287
2015-11-05,289
2015-11-06,308
2015-11-07,337
2015-11-08,374
2015-11-09,400
2015-11-10,400
2015-11-11,376
2015-11-12,336
2015-11-13,314
2015-11-14,311
2015-11-15,326
2015-11-16,354
2015-11-17,384
2015-11-18,424
2015-11-19,471
2015-11-20,510
2015-11-21,530
2015-11-22,516
2015-11-23,477
2015-11-24,427
2015-11-25,390
2015-11-26,367
2015-11-27,349
2015-11-28,346
2015-11-29,334
2015-11-30,343
2015-12-01,354
2015-12-02,392
2015-12-03,419
2015-12-04,460
2015-12-05,496
2015-12-06,536
2015-12-07,548
2015-12-08,548
2015-12-09,555
2015-12-10,565
2015-12-11,591
2015-12-12,603
2015-12-13,637
2015-12-14,639
2015-12-15,620
2015-12-16,556
2015-12-17,498
2015-12-18,439
2015-12-19,403
2015-12-20,385
2015-12-21,409
2015-12-22,428
2015-12-23,453
2015-12-24,472
2015-12-25,497
2015-12-26,504
2015-12-27,495
2015-12-28,460
2015-12-29,409
2015-12-30,358
2015-12-31,338
2016-01-01,347
2016-01-02,361
2016-01-03,384
2016-01-04,396
2016-01-05,412
2016-01-06,409
2016-01-07,412
2016-01-08,442
2016-01-09,481
2016-01-10,517
2016-01-11,519
2016-01-12,521
2016-01-13,520
2016-01-14,500
2016-01-15,458
2016-01-16,416
2016-01-17,402
2016-01-18,412
2016-01-19,426
2016-01-20,442
2016-01-21,443
2016-01-22,452
2016-01-23,437
2016-01-24,435
2016-01-25,422
2016-01-26,411
2016-01-27,392
2016-01-28,387
2016-01-29,404
2016-01-30,441
2016-01-31,495
2016-02-01,543
2016-02-02,598
2016-02-03,630
2016-02-04,660
2016-02-05,664
2016-02-06,660
2016-02-07,659
2016-02-08,655
2016-02-09,643
2016-02-10,632
2016-02-11,619
2016-02-12,596
2016-02-13,568
2016-02-14,517
2016-02-15,489
2016-02-16,462
2016-02-17,466
2016-02-18,465
2016-02-19,478
2016-02-20,484
2016-02-21,496
2016-02-22,508
2016-02-23,533
2016-02-24,534
2016-02-25,514
2016-02-26,470
2016-02-27,460
2016-02-28,443
2016-02-29,445
2016-03-01,441
2016-03-02,450
2016-03-03,477
2016-03-04,502
2016-03-05,515
2016-03-06,503
2016-03-07,481
2016-03-08,469
2016-03-09,483
2016-03-10,530
2016-03-11,596
2016-03-12,634
2016-03-13,634
2016-03-14,607
2016-03-15,574
2016-03-16,558
2016-03-17,570
2016-03-18,599
2016-03-19,630
2016-03-20,645
2016-03-21,669
2016-03-22,688
2016-03-23,687
2016-03-24,666
2016-03-25,670
2016-03-26,723
2016-03-27,977
2016-03-28,1040
2016-03-29,1068
2016-03-30,1038
2016-03-31,881
2016-04-01,780
2016-04-02,742
2016-04-03,697
2016-04-04,671
2016-04-05,655
2016-04-06,663
2016-04-07,677
2016-04-08,706
2016-04-09,732
2016-04-10,748
2016-04-11,875
2016-04-12,1060
2016-04-13,1468
2016-04-14,1433
2016-04-15,1232
2016-04-16,1128
2016-04-17,1096
2016-04-18,1212
2016-04-19,1359
2016-04-20,1692
2016-04-21,1773
2016-04-22,1748
2016-04-23,1693
2016-04-24,1604
2016-04-25,1520
2016-04-26,1375
2016-04-27,1276
2016-04-28,1159
2016-04-29,1040
2016-04-30,937
2016-05-01,875
2016-05-02,810
2016-05-03,777
2016-05-04,750
2016-05-05,728
2016-05-06,702
2016-05-07,658
2016-05-08,626
2016-05-09,595
2016-05-10,571
2016-05-11,544
2016-05-12,527
2016-05-13,509
2016-05-14,494
2016-05-15,487
2016-05-16,499
2016-05-17,514
2016-05-18,541
2016-05-19,544
2016-05-20,541
2016-05-21,536
2016-05-22,538
2016-05-23,529
2016-05-24,504
2016-05-25,473
2016-05-26,455
2016-05-27,427
2016-05-28,418
2016-05-29,408
2016-05-30,409
2016-05-31,410
2016-06-01,408
2016-06-02,409
2016-06-03,407
2016-06-04,406
2016-06-05,409
2016-06-06,404
2016-06-07,399
2016-06-08,396
2016-06-09,399
2016-06-10,403
2016-06-11,398
2016-06-12,388
2016-06-13,385
2016-06-14,371
2016-06-15,374
2016-06-16,368
2016-06-17,375
2016-06-18,372
2016-06-19,378
2016-06-20,375
2016-06-21,369
2016-06-22,366
2016-06-23,366
2016-06-24,371
2016-06-25,361
2016-06-26,359
2016-06-27,355
2016-06-28,348
2016-06-29,345
2016-06-30,337
2016-07-01,341
2016-07-02,331
2016-07-03,320
2016-07-04,318
2016-07-05,322
2016-07-06,317
2016-07-07,317
2016-07-08,318
2016-07-09,326
2016-07-10,314
2016-07-11,313
2016-07-12,310
2016-07-13,308
2016-07-14,310
2016-07-15,309
2016-07-16,317
2016-07-17,299
2016-07-18,298
2016-07-19,289
2016-07-20,294
2016-07-21,292
2016-07-22,293
2016-07-23,289
2016-07-24,287
2016-07-25,282
2016-07-26,271
2016-07-27,273
2016-07-28,273
2016-07-29,277
2016-07-30,273
2016-07-31,272
2016-08-01,276
2016-08-02,274
2016-08-03,267
2016-08-04,267
2016-08-05,274
2016-08-06,280
2016-08-07,276
2016-08-08,278
2016-08-09,278
2016-08-10,283
2016-08-11,274
2016-08-12,276
2016-08-13,270
2016-08-14,270
2016-08-15,270
2016-08-16,263
2016-08-17,258
2016-08-18,255
2016-08-19,255
2016-08-20,255
2016-08-21,253
2016-08-22,263
2016-08-23,262
2016-08-24,258
2016-08-25,262
2016-08-26,265
2016-08-27,272
2016-08-28,268
2016-08-29,265
2016-08-30,266
2016-08-31,254
2016-09-01,263
2016-09-02,260
2016-09-03,269
2016-09-04,266
2016-09-05,272
2016-09-06,267
2016-09-07,264
2016-09-08,257
2016-09-09,261
2016-09-10,262
2016-09-11,259
2016-09-12,250
2016-09-13,247
2016-09-14,254
2016-09-15,255
2016-09-16,253
2016-09-17,258
2016-09-18,286
2016-09-19,318
2016-09-20,340
2016-09-21,324
2016-09-22,297
2016-09-23,270
2016-09-24,269
2016-09-25,318
2016-09-26,394
2016-09-27,443
2016-09-28,460
2016-09-29,425
2016-09-30,420
2016-10-01,395
2016-10-02,383
2016-10-03,388
2016-10-04,388
2016-10-05,391
2016-10-06,359
2016-10-07,347
2016-10-08,370
2016-10-09,408
2016-10-10,446
2016-10-11,455
2016-10-12,460
2016-10-13,458
2016-10-14,440
2016-10-15,432
2016-10-16,408
2016-10-17,409
2016-10-18,399
2016-10-19,396
2016-10-20,383
2016-10-21,377
2016-10-22,365
2016-10-23,352
2016-10-24,328
2016-10-25,328
2016-10-26,328
2016-10-27,330
2016-10-28,332
2016-10-29,338
2016-10-30,336
2016-10-31,333
2016-11-01,339
2016-11-02,371
2016-11-03,379
2016-11-04,368
2016-11-05,331
2016-11-06,310
2016-11-07,295
2016-11-08,296
2016-11-09,289
2016-11-10,297
2016-11-11,289
2016-11-12,292
2016-11-13,281
2016-11-14,292
2016-11-15,312
2016-11-16,335
2016-11-17,357
2016-11-18,368
2016-11-19,391
2016-11-20,413
2016-11-21,433
2016-11-22,476
2016-11-23,524
2016-11-24,575
2016-11-25,590
2016-11-26,578
2016-11-27,546
2016-11-28,506
2016-11-29,482
2016-11-30,460
2016-12-01,449
2016-12-02,423
2016-12-03,410
2016-12-04,395
2016-12-05,395
2016-12-06,388
2016-12-07,381
2016-12-08,375
2016-12-09,374
2016-12-10,408
2016-12-11,475
2016-12-12,546
2016-12-13,604
2016-12-14,625
2016-12-15,641
2016-12-16,640
2016-12-17,658
2016-12-18,694
2016-12-19,722
2016-12-20,726
2016-12-21,696
2016-12-22,638
2016-12-23,588
2016-12-24,577
2016-12-25,587
2016-12-26,587
2016-12-27,548
2016-12-28,524
2016-12-29,509
2016-12-30,508
2016-12-31,493
2017-01-01,482
2017-01-02,458
2017-01-03,435
2017-01-04,407
2017-01-05,384
2017-01-06,357
2017-01-07,338
2017-01-08,322
2017-01-09,338
2017-01-10,361
2017-01-11,408
2017-01-12,447
2017-01-13,499
2017-01-14,536
2017-01-15,569
2017-01-16,573
2017-01-17,541
2017-01-18,486
2017-01-19,426
2017-01-20,395
2017-01-21,383
2017-01-22,394
2017-01-23,417
2017-01-24,457
2017-01-25,495
2017-01-26,533
2017-01-27,551
2017-01-28,563
2017-01-29,558
2017-01-30,555
2017-01-31,538
2017-02-01,525
2017-02-02,516
2017-02-03,508
2017-02-04,503
2017-02-05,484
2017-02-06,461
2017-02-07,447
2017-02-08,452
2017-02-09,476
2017-02-10,503
2017-02-11,533
2017-02-12,549
2017-02-13,545
2017-02-14,539
2017-02-15,536
2017-02-16,557
2017-02-17,566
2017-02-18,586
2017-02-19,605
2017-02-20,626
2017-02-21,648
2017-02-22,652
2017-02-23,657
2017-02-24,632
2017-02-25,586
2017-02-26,527
2017-02-27,489
2017-02-28,463
2017-03-01,444
2017-03-02,426
2017-03-03,418
2017-03-04,429
2017-03-05,444
2017-03-06,498
2017-03-07,558
2017-03-08,632
2017-03-09,685
2017-03-10,728
2017-03-11,737
2017-03-12,704
2017-03-13,620
2017-03-14,549
2017-03-15,538
2017-03-16,584
2017-03-17,659
2017-03-18,688
2017-03-19,681
2017-03-20,659
2017-03-21,666
2017-03-22,703
2017-03-23,842
2017-03-24,758
2017-03-25,995
2017-03-26,1114
2017-03-27,800
2017-03-28,927
2017-03-29,846
2017-03-30,804
2017-03-31,747
2017-04-01,705
2017-04-02,647
2017-04-03,593
2017-04-04,545
2017-04-05,504
2017-04-06,470
2017-04-07,439
2017-04-08,424
2017-04-09,410
2017-04-10,408
2017-04-11,406
2017-04-12,401
2017-04-13,384
2017-04-14,366
2017-04-15,356
2017-04-16,352
2017-04-17,356
2017-04-18,356
2017-04-19,361
2017-04-20,362
2017-04-21,363
2017-04-22,362
2017-04-23,358
2017-04-24,357
2017-04-25,374
2017-04-26,393
2017-04-27,403
2017-04-28,395
2017-04-29,387
2017-04-30,384
2017-05-01,375
2017-05-02,366
2017-05-03,358
2017-05-04,346
2017-05-05,338
2017-05-06,323
2017-05-07,322
2017-05-08,321
2017-05-09,329
2017-05-10,320
2017-05-11,310
2017-05-12,298
2017-05-13,304
2017-05-14,309
2017-05-15,318
2017-05-16,322
2017-05-17,346
2017-05-18,356
2017-05-19,359
2017-05-20,348
2017-05-21,341
2017-05-22,321
2017-05-23,302
2017-05-24,282
2017-05-25,275
2017-05-26,269
2017-05-27,283
2017-05-28,302
2017-05-29,301
2017-05-30,285
2017-05-31,269
2017-06-01,272
2017-06-02,279
2017-06-03,279
2017-06-04,276
2017-06-05,271
2017-06-06,287
2017-06-07,302
2017-06-08,302
2017-06-09,290
2017-06-10,284
2017-06-11,292
2017-06-12,285
2017-06-13,278
2017-06-14,268
2017-06-15,259
2017-06-16,246
2017-06-17,246
2017-06-18,258
2017-06-19,270
2017-06-20,275
2017-06-21,276
2017-06-22,268
2017-06-23,262
2017-06-24,256
2017-06-25,261
2017-06-26,260
2017-06-27,262
2017-06-28,258
2017-06-29,260
2017-06-30,253
2017-07-01,248
2017-07-02,239
2017-07-03,238
2017-07-04,245
2017-07-05,254
2017-07-06,264
2017-07-07,256
2017-07-08,254
2017-07-09,242
2017-07-10,242
2017-07-11,237
2017-07-12,240
2017-07-13,237
2017-07-14,236
2017-07-15,241
2017-07-16,241
2017-07-17,236
2017-07-18,228
2017-07-19,232
2017-07-20,236
2017-07-21,249
2017-07-22,255
2017-07-23,262
2017-07-24,252
2017-07-25,246
2017-07-26,236
2017-07-27,236
2017-07-28,229
2017-07-29,228
2017-07-30,224
2017-07-31,243
2017-08-01,253
2017-08-02,253
2017-08-03,235
2017-08-04,233
2017-08-05,241
2017-08-06,247
2017-08-07,232
2017-08-08,218
2017-08-09,214
2017-08-10,214
2017-08-11,220
2017-08-12,222
2017-08-13,226
2017-08-14,223
2017-08-15,220
2017-08-16,225
2017-08-17,226
2017-08-18,225
2017-08-19,216
2017-08-20,214
2017-08-21,209
2017-08-22,221
2017-08-23,232
2017-08-24,240
2017-08-25,240
2017-08-26,234
2017-08-27,222
2017-08-28,211
2017-08-29,205
2017-08-30,217
2017-08-31,215
2017-09-01,217
2017-09-02,209
2017-09-03,211
2017-09-04,205
2017-09-05,205
2017-09-06,207
2017-09-07,215
2017-09-08,219
2017-09-09,218
2017-09-10,213
2017-09-11,209
2017-09-12,207
2017-09-13,213
2017-09-14,219
2017-09-15,236
2017-09-16,234
2017-09-17,225
2017-09-18,208
2017-09-19,200
2017-09-20,196
2017-09-21,192
2017-09-22,190
2017-09-23,193
2017-09-24,209
2017-09-25,214
2017-09-26,218
2017-09-27,206
2017-09-28,207
2017-09-29,205
2017-09-30,207
2017-10-01,219
2017-10-02,245
2017-10-03,267
2017-10-04,284
2017-10-05,310
2017-10-06,344
2017-10-07,370
2017-10-08,369
2017-10-09,348
2017-10-10,334
2017-10-11,330
2017-10-12,353
2017-10-13,376
2017-10-14,412
2017-10-15,428
2017-10-16,442
2017-10-17,414
2017-10-18,378
2017-10-19,340
2017-10-20,314
2017-10-21,294
2017-10-22,273
2017-10-23,261
2017-10-24,257
2017-10-25,257
2017-10-26,257
2017-10-27,263
2017-10-28,278
2017-10-29,293
2017-10-30,300
2017-10-31,293
2017-11-01,285
2017-11-02,296
2017-11-03,312
2017-11-04,354
2017-11-05,393
2017-11-06,424
2017-11-07,416
2017-11-08,384
2017-11-09,359
2017-11-10,349
2017-11-11,356
2017-11-12,378
2017-11-13,403
2017-11-14,412
2017-11-15,400
2017-11-16,385
2017-11-17,378
2017-11-18,371
2017-11-19,353
2017-11-20,327
2017-11-21,309
2017-11-22,308
2017-11-23,339
2017-11-24,380
2017-11-25,432
2017-11-26,454
2017-11-27,446
2017-11-28,430
2017-11-29,438
2017-11-30,466
2017-12-01,490
2017-12-02,487
2017-12-03,463
2017-12-04,435
2017-12-05,402
2017-12-06,377
2017-12-07,348
2017-12-08,335
2017-12-09,331
2017-12-10,321
2017-12-11,309
2017-12-12,299
2017-12-13,304
2017-12-14,328
2017-12-15,363
2017-12-16,394
2017-12-17,432
2017-12-18,476
2017-12-19,503
2017-12-20,516
2017-12-21,521
2017-12-22,517
2017-12-23,513
2017-12-24,502
2017-12-25,487
2017-12-26,456
2017-12-27,432
2017-12-28,432
2017-12-29,457
2017-12-30,489
2017-12-31,502
2018-01-01,505
2018-01-02,503
2018-01-03,499
2018-01-04,486
2018-01-05,470
2018-01-06,452
2018-01-07,451
2018-01-08,465
2018-01-09,493
2018-01-10,528
2018-01-11,552
2018-01-12,565
2018-01-13,555
2018-01-14,542
2018-01-15,521
2018-01-16,514
2018-01-17,517
2018-01-18,553
2018-01-19,599
2018-01-20,628
2018-01-21,630
2018-01-22,624
2018-01-23,623
2018-01-24,642
2018-01-25,659
2018-01-26,675
2018-01-27,670
2018-01-28,663
2018-01-29,662
2018-01-30,663
2018-01-31,667
2018-02-01,670
2018-02-02,690
2018-02-03,725
2018-02-04,755
2018-02-05,753
2018-02-06,709
2018-02-07,673
2018-02-08,682
2018-02-09,741
2018-02-10,822
2018-02-11,903
2018-02-12,1065
2018-02-13,1203
2018-02-14,1263
2018-02-15,1255
2018-02-16,1205
2018-02-17,1354
2018-02-18,1399
2018-02-19,1318
2018-02-20,1133
2018-02-21,1004
2018-02-22,918
2018-02-23,861
2018-02-24,805
2018-02-25,771
2018-02-26,850
2018-02-27,1142
2018-02-28,1158
2018-03-01,1088
2018-03-02,955
2018-03-03,920
2018-03-04,886
2018-03-05,844
2018-03-06,657
2018-03-07,681
2018-03-08,693
2018-03-09,681
2018-03-10,681
2018-03-11,683
2018-03-12,697
2018-03-13,699
2018-03-14,703
2018-03-15,701
2018-03-16,690
2018-03-17,674
2018-03-18,649
2018-03-19,603
2018-03-20,557
2018-03-21,527
2018-03-22,542
2018-03-23,565
2018-03-24,579
2018-03-25,594
2018-03-26,598
2018-03-27,619
2018-03-28,624
2018-03-29,630
2018-03-30,619
2018-03-31,604
2018-04-01,574
2018-04-02,558
2018-04-03,545
2018-04-04,553
2018-04-05,574
2018-04-06,568
2018-04-07,546
2018-04-08,511
2018-04-09,500
2018-04-10,493
2018-04-11,482
2018-04-12,466
2018-04-13,467
2018-04-14,468
2018-04-15,473
2018-04-16,464
2018-04-17,457
2018-04-18,458
2018-04-19,457
2018-04-20,448
2018-04-21,444
2018-04-22,442
2018-04-23,432
2018-04-24,422
2018-04-25,410
2018-04-26,405
2018-04-27,401
2018-04-28,403
2018-04-29,402
2018-04-30,384
2018-05-01,371
2018-05-02,375
2018-05-03,402
2018-05-04,422
2018-05-05,437
2018-05-06,431
2018-05-07,432
2018-05-08,415
2018-05-09,402
2018-05-10,389
2018-05-11,379
2018-05-12,379
2018-05-13,370
2018-05-14,363
2018-05-15,354
2018-05-16,347
2018-05-17,347
2018-05-18,345
2018-05-19,336
2018-05-20,336
2018-05-21,320
2018-05-22,325
2018-05-23,321
2018-05-24,326
2018-05-25,325
2018-05-26,307
2018-05-27,305
2018-05-28,301
2018-05-29,309
2018-05-30,305
2018-05-31,298
2018-06-01,296
2018-06-02,296
2018-06-03,304
2018-06-04,312
2018-06-05,302
2018-06-06,301
2018-06-07,298
2018-06-08,302
2018-06-09,301
2018-06-10,293
2018-06-11,304
2018-06-12,295
2018-06-13,296
2018-06-14,283
2018-06-15,284
2018-06-16,293
2018-06-17,297
2018-06-18,295
2018-06-19,292
2018-06-20,290
2018-06-21,291
2018-06-22,291
2018-06-23,290
2018-06-24,296
2018-06-25,287
2018-06-26,296
2018-06-27,284
2018-06-28,292
2018-06-29,281
2018-06-30,287
2018-07-01,272
2018-07-02,275
2018-07-03,269
2018-07-04,275
2018-07-05,268
2018-07-06,275
2018-07-07,262
2018-07-08,272
2018-07-09,265
2018-07-10,270
2018-07-11,265
2018-07-12,262
2018-07-13,261
2018-07-14,246
2018-07-15,247
2018-07-16,252
2018-07-17,262
2018-07-18,261
2018-07-19,261
2018-07-20,260
2018-07-21,259
2018-07-22,258
2018-07-23,259
2018-07-24,263
2018-07-25,256
2018-07-26,258
2018-07-27,257
2018-07-28,254
2018-07-29,254
2018-07-30,244
2018-07-31,252
2018-08-01,247
2018-08-02,242
2018-08-03,244
2018-08-04,238
2018-08-05,243
2018-08-06,238
2018-08-07,244
2018-08-08,242
2018-08-09,245
2018-08-10,230
2018-08-11,234
2018-08-12,221
2018-08-13,228
2018-08-14,228
2018-08-15,227
2018-08-16,231
2018-08-17,226
2018-08-18,226
2018-08-19,225
2018-08-20,223
2018-08-21,223
2018-08-22,216
2018-08-23,226
2018-08-24,221
2018-08-25,216
2018-08-26,212
2018-08-27,213
2018-08-28,212
2018-08-29,194
2018-08-30,197
2018-08-31,192
2018-09-01,192
2018-09-02,190
2018-09-03,189
2018-09-04,202
2018-09-05,190
2018-09-06,198
2018-09-07,192
2018-09-08,205
2018-09-09,194
2018-09-10,197
2018-09-11,182
2018-09-12,193
2018-09-13,182
2018-09-14,197
2018-09-15,184
2018-09-16,192
2018-09-17,180
2018-09-18,191
2018-09-19,184
2018-09-20,207
2018-09-21,230
2018-09-22,253
2018-09-23,265
2018-09-24,265
2018-09-25,276
2018-09-26,287
2018-09-27,299
2018-09-28,314
2018-09-29,313
2018-09-30,313
2018-10-01,311
2018-10-02,310
2018-10-03,315
2018-10-04,321
2018-10-05,346
2018-10-06,369
2018-10-07,397
2018-10-08,409
2018-10-09,400
2018-10-10,371
2018-10-11,328
2018-10-12,301
2018-10-13,293
2018-10-14,299
2018-10-15,317
2018-10-16,328
2018-10-17,344
2018-10-18,356
2018-10-19,368
2018-10-20,385
2018-10-21,384
2018-10-22,377
2018-10-23,349
2018-10-24,338
2018-10-25,337
2018-10-26,353
2018-10-27,365
2018-10-28,375
2018-10-29,375
2018-10-30,358
2018-10-31,333
2018-11-01,325
2018-11-02,336
2018-11-03,353
2018-11-04,365
2018-11-05,379
2018-11-06,401
2018-11-07,426
2018-11-08,445
2018-11-09,456
2018-11-10,453
2018-11-11,451
2018-11-12,449
2018-11-13,453
2018-11-14,450
2018-11-15,446
2018-11-16,445
2018-11-17,451
2018-11-18,453
2018-11-19,449
2018-11-20,446
2018-11-21,436
2018-11-22,428
2018-11-23,413
2018-11-24,391
2018-11-25,370
2018-11-26,335
2018-11-27,310
2018-11-28,309
2018-11-29,345
2018-11-30,411
2018-12-01,469
2018-12-02,521
2018-12-03,536
2018-12-04,516
2018-12-05,480
2018-12-06,447
2018-12-07,425
2018-12-08,405
2018-12-09,402
2018-12-10,398
2018-12-11,397
2018-12-12,386
2018-12-13,380
2018-12-14,373
2018-12-15,370
2018-12-16,369
2018-12-17,371
2018-12-18,382
2018-12-19,392
2018-12-20,411
2018-12-21,419
2018-12-22,298
2018-12-23,296
2018-12-24,299
2018-12-25,283
2018-12-26,269
2018-12-27,269
2018-12-28,281
2018-12-29,294
2018-12-30,304
2018-12-31,318
2019-01-01,350
2019-01-02,385
2019-01-03,419
2019-01-04,445
2019-01-05,460
2019-01-06,473
2019-01-07,472
2019-01-08,469
2019-01-09,467
2019-01-10,459
2019-01-11,454
2019-01-12,440
2019-01-13,432
2019-01-14,412
2019-01-15,396
2019-01-16,388
2019-01-17,409
2019-01-18,435
2019-01-19,454
2019-01-20,451
2019-01-21,450
2019-01-22,457
2019-01-23,480
2019-01-24,521
2019-01-25,571
2019-01-26,621
2019-01-27,659
2019-01-28,702
2019-01-29,740
2019-01-30,771
2019-01-31,788
2019-02-01,813
2019-02-02,786
2019-02-03,732
2019-02-04,670
2019-02-05,613
2019-02-06,566
2019-02-07,549
2019-02-08,546
2019-02-09,572
2019-02-10,599
2019-02-11,624
2019-02-12,645
2019-02-13,668
2019-02-14,682
2019-02-15,688
2019-02-16,687
2019-02-17,686
2019-02-18,680
2019-02-19,673
2019-02-20,673
2019-02-21,663
2019-02-22,651
2019-02-23,628
2019-02-24,601
2019-02-25,561
2019-02-26,531
2019-02-27,503
2019-02-28,488
2019-03-01,456
2019-03-02,432
2019-03-03,401
2019-03-04,395
2019-03-05,410
2019-03-06,449
2019-03-07,486
2019-03-08,517
2019-03-09,529
2019-03-10,546
2019-03-11,547
2019-03-12,534
2019-03-13,510
2019-03-14,496
2019-03-15,491
2019-03-16,489
2019-03-17,502
2019-03-18,524
2019-03-19,541
2019-03-20,540
2019-03-21,531
2019-03-22,533
2019-03-23,545
2019-03-24,566
2019-03-25,575
2019-03-26,557
2019-03-27,522
2019-03-28,486
2019-03-29,460
2019-03-30,443
2019-03-31,421
2019-04-01,400
2019-04-02,385
2019-04-03,389
2019-04-04,404
2019-04-05,415
2019-04-06,425
2019-04-07,434
2019-04-08,451
2019-04-09,470
2019-04-10,483
2019-04-11,484
2019-04-12,480
2019-04-13,466
2019-04-14,443
2019-04-15,406
2019-04-16,381
2019-04-17,356
2019-04-18,339
2019-04-19,334
2019-04-20,347
2019-04-21,361
2019-04-22,368
2019-04-23,369
2019-04-24,372
2019-04-25,368
2019-04-26,354
2019-04-27,339
2019-04-28,339
2019-04-29,351
2019-04-30,366
2019-05-01,365
2019-05-02,362
2019-05-03,357
2019-05-04,347
2019-05-05,338
2019-05-06,336
2019-05-07,353
2019-05-08,371
2019-05-09,364
2019-05-10,348
2019-05-11,338
2019-05-12,336
2019-05-13,321
2019-05-14,301
2019-05-15,286
2019-05-16,286
2019-05-17,287
2019-05-18,288
2019-05-19,288
2019-05-20,288
2019-05-21,288
2019-05-22,297
2019-05-23,299
2019-05-24,299
2019-05-25,290
2019-05-26,288
2019-05-27,288
2019-05-28,288
2019-05-29,288
2019-05-30,283
2019-05-31,283
2019-06-01,278
2019-06-02,283
2019-06-03,278
2019-06-04,278
2019-06-05,258
2019-06-06,247
2019-06-07,241
2019-06-08,245
2019-06-09,246
2019-06-10,238
2019-06-11,242
2019-06-12,243
2019-06-13,259
2019-06-14,259
2019-06-15,255
2019-06-16,248
2019-06-17,248
2019-06-18,252
2019-06-19,253
2019-06-20,251
2019-06-21,251
2019-06-22,246
2019-06-23,244
2019-06-24,244
2019-06-25,233
2019-06-26,222
2019-06-27,218
2019-06-28,218
2019-06-29,224
2019-06-30,225
2019-07-01,229
2019-07-02,229
2019-07-03,231
2019-07-04,223
2019-07-05,227
2019-07-06,221
2019-07-07,232
2019-07-08,226
2019-07-09,229
2019-07-10,221
2019-07-11,221
2019-07-12,223
2019-07-13,227
2019-07-14,228
2019-07-15,209
2019-07-16,212
2019-07-17,206
2019-07-18,208
2019-07-19,207
2019-07-20,199
2019-07-21,198
2019-07-22,189
2019-07-23,198
2019-07-24,200
2019-07-25,204
2019-07-26,205
2019-07-27,205
2019-07-28,215
2019-07-29,208
2019-07-30,209
2019-07-31,218
2019-08-01,218
2019-08-02,213
2019-08-03,201
2019-08-04,195
2019-08-05,198
2019-08-06,188
2019-08-07,189
2019-08-08,189
2019-08-09,188
2019-08-10,191
2019-08-11,191
2019-08-12,194
2019-08-13,186
2019-08-14,180
2019-08-15,175
2019-08-16,181
2019-08-17,190
2019-08-18,193
2019-08-19,199
2019-08-20,192
2019-08-21,191
2019-08-22,185
2019-08-23,192
2019-08-24,192
2019-08-25,203
2019-08-26,203
2019-08-27,203
2019-08-28,196
2019-08-29,197
2019-08-30,206
2019-08-31,215
2019-09-01,214
2019-09-02,213
2019-09-03,204
2019-09-04,207
2019-09-05,211
2019-09-06,210
2019-09-07,207
2019-09-08,191
2019-09-09,183
2019-09-10,183
2019-09-11,186
2019-09-12,193
2019-09-13,191
2019-09-14,191
2019-09-15,190
2019-09-16,190
2019-09-17,188
2019-09-18,197
2019-09-19,196
2019-09-20,195
2019-09-21,196
2019-09-22,205
2019-09-23,209
2019-09-24,192
2019-09-25,191
2019-09-26,190
2019-09-27,204
2019-09-28,193
2019-09-29,189
2019-09-30,181
2019-10-01,181
2019-10-02,193
2019-10-03,196
2019-10-04,197
2019-10-05,196
2019-10-06,196
2019-10-07,199
2019-10-08,189
2019-10-09,188
2019-10-10,191
2019-10-11,202
2019-10-12,204
2019-10-13,205
2019-10-14,213
2019-10-15,236
2019-10-16,259
2019-10-17,270
2019-10-18,271
2019-10-19,271
2019-10-20,274
2019-10-21,285
2019-10-22,304
2019-10-23,331
2019-10-24,345
2019-10-25,355
2019-10-26,355
2019-10-27,354
2019-10-28,343
2019-10-29,345
2019-10-30,357
2019-10-31,381
2019-11-01,394
2019-11-02,394
2019-11-03,377
2019-11-04,342
2019-11-05,307
2019-11-06,276
2019-11-07,265
2019-11-08,251
2019-11-09,248
2019-11-10,234
2019-11-11,229
2019-11-12,220
2019-11-13,217
2019-11-14,214
2019-11-15,217
2019-11-16,219
2019-11-17,234
2019-11-18,251
2019-11-19,286
2019-11-20,310
2019-11-21,323
2019-11-22,313
2019-11-23,312
2019-11-24,327
2019-11-25,398
2019-11-26,480
2019-11-27,584
2019-11-28,679
2019-11-29,845
2019-11-30,847
2019-12-01,766
2019-12-02,680
2019-12-03,601
2019-12-04,536
2019-12-05,477
2019-12-06,426
2019-12-07,379
2019-12-08,333
2019-12-09,299
2019-12-10,273
2019-12-11,256
2019-12-12,243
2019-12-13,235
2019-12-14,231
2019-12-15,239
2019-12-16,254
2019-12-17,281
2019-12-18,299
2019-12-19,312
2019-12-20,311
2019-12-21,295
